{
    "33": {
    
        "whatsapp":3.70,
        "olx":0.85,
        "blablacar":1.00,
        "vinted": 1.50
    
    },

    "7": {
    
        "whatsapp":2.10,
        "viber":1.00,
        "blablacar":1.00
    
    },
    
    "34": {
    
        "whatsapp":3.70,
        "olx":0.85,
        "blablacar":1.00,
        "vinted": 1.50
    
    },
    "49": {
    
        "whatsapp":3.70,
        "olx":0.85,
        "blablacar":1.00,
        "vinted": 1.50
    
    },
    
    "420": {
    
        "whatsapp":3.70,
        "olx":0.85,
        "blablacar":1.00,
        "vinted": 1.50

    
    },
    
    "357": {
    
        "whatsapp":5.00,
        "olx":0.85,
        "blablacar":1.00
    
    },
    "45": {
    
        "whatsapp":5.00,
        "olx":0.85,
        "blablacar":1.00,
        "vinted":1.50
    
    },
    
    "44": {
    
        "whatsapp":2.50,
        "olx":0.70,
        "blablacar":1.00,
        "vinted":1.30
    
    },
    "39": {
    
        "whatsapp":5.00,
        "olx":0.70,
        "blablacar":1.00
    },
    "351": {
    
        "whatsapp":5.00,
        "olx":0.70,
        "blablacar":1.00
    }


}